RuleID,Commit,File,SymlinkFile,Secret,Match,StartLine,EndLine,StartColumn,EndColumn,Author,Message,Date,Email,Fingerprint,Tags
generic-api-key,310f4996d31344fbf75bf3e345ec5173e450559f,docs/report-evidence/12-secrets/gitleaks-before.csv,,v9dn0balpqas1pcc281tn5ood1,"ApiKey: """"v9dn0balpqas1pcc281tn5ood1""",2,2,118,154,U.Pinto,"Merge pull request #18 from Udanapinto/member3/baseline-gitleaks

chore(secrets): capture Gitleaks baseline on vulnerable NodeGoat

commit 5f5472d0b265fde9f39d35d35e9da335cde957df
Author: Udanapinto <isuruudanapinthu@outlook.com>
Date:   Wed Sep 23 09:59:58 2026 +0530

chore(secrets): capture Gitleaks baseline on vulnerable NodeGoat",2026-09-23T04:31:57Z,isuruudanapinthu@outlook.com,310f4996d31344fbf75bf3e345ec5173e450559f:docs/report-evidence/12-secrets/gitleaks-before.csv:generic-api-key:2,
generic-api-key,310f4996d31344fbf75bf3e345ec5173e450559f,docs/report-evidence/12-secrets/gitleaks-before.csv,,v9dn0balpqas1pcc281tn5ood1,"ApiKey: """"v9dn0balpqas1pcc281tn5ood1""",3,3,111,147,U.Pinto,"Merge pull request #18 from Udanapinto/member3/baseline-gitleaks

chore(secrets): capture Gitleaks baseline on vulnerable NodeGoat

commit 5f5472d0b265fde9f39d35d35e9da335cde957df
Author: Udanapinto <isuruudanapinthu@outlook.com>
Date:   Wed Sep 23 09:59:58 2026 +0530

chore(secrets): capture Gitleaks baseline on vulnerable NodeGoat",2026-09-23T04:31:57Z,isuruudanapinthu@outlook.com,310f4996d31344fbf75bf3e345ec5173e450559f:docs/report-evidence/12-secrets/gitleaks-before.csv:generic-api-key:3,
aws-access-token,310f4996d31344fbf75bf3e345ec5173e450559f,docs/report-evidence/12-secrets/gitleaks-before.csv,,ASIAQGK6FURQSWWGDXHA,ASIAQGK6FURQSWWGDXHA,4,4,111,130,U.Pinto,"Merge pull request #18 from Udanapinto/member3/baseline-gitleaks

chore(secrets): capture Gitleaks baseline on vulnerable NodeGoat

commit 5f5472d0b265fde9f39d35d35e9da335cde957df
Author: Udanapinto <isuruudanapinthu@outlook.com>
Date:   Wed Sep 23 09:59:58 2026 +0530

chore(secrets): capture Gitleaks baseline on vulnerable NodeGoat",2026-09-23T04:31:57Z,isuruudanapinthu@outlook.com,310f4996d31344fbf75bf3e345ec5173e450559f:docs/report-evidence/12-secrets/gitleaks-before.csv:aws-access-token:4,
aws-access-token,310f4996d31344fbf75bf3e345ec5173e450559f,docs/report-evidence/12-secrets/gitleaks-before.csv,,ASIAQGK6FURQSWWGDXHA,ASIAQGK6FURQSWWGDXHA,4,4,132,151,U.Pinto,"Merge pull request #18 from Udanapinto/member3/baseline-gitleaks

chore(secrets): capture Gitleaks baseline on vulnerable NodeGoat

commit 5f5472d0b265fde9f39d35d35e9da335cde957df
Author: Udanapinto <isuruudanapinthu@outlook.com>
Date:   Wed Sep 23 09:59:58 2026 +0530

chore(secrets): capture Gitleaks baseline on vulnerable NodeGoat",2026-09-23T04:31:57Z,isuruudanapinthu@outlook.com,310f4996d31344fbf75bf3e345ec5173e450559f:docs/report-evidence/12-secrets/gitleaks-before.csv:aws-access-token:4,
aws-access-token,310f4996d31344fbf75bf3e345ec5173e450559f,docs/report-evidence/12-secrets/gitleaks-before.csv,,ASIAQGK6FURQSWWGDXHA,ASIAQGK6FURQSWWGDXHA,5,5,111,130,U.Pinto,"Merge pull request #18 from Udanapinto/member3/baseline-gitleaks

chore(secrets): capture Gitleaks baseline on vulnerable NodeGoat

commit 5f5472d0b265fde9f39d35d35e9da335cde957df
Author: Udanapinto <isuruudanapinthu@outlook.com>
Date:   Wed Sep 23 09:59:58 2026 +0530

chore(secrets): capture Gitleaks baseline on vulnerable NodeGoat",2026-09-23T04:31:57Z,isuruudanapinthu@outlook.com,310f4996d31344fbf75bf3e345ec5173e450559f:docs/report-evidence/12-secrets/gitleaks-before.csv:aws-access-token:5,
aws-access-token,310f4996d31344fbf75bf3e345ec5173e450559f,docs/report-evidence/12-secrets/gitleaks-before.csv,,ASIAQGK6FURQSWWGDXHA,ASIAQGK6FURQSWWGDXHA,5,5,132,151,U.Pinto,"Merge pull request #18 from Udanapinto/member3/baseline-gitleaks

chore(secrets): capture Gitleaks baseline on vulnerable NodeGoat

commit 5f5472d0b265fde9f39d35d35e9da335cde957df
Author: Udanapinto <isuruudanapinthu@outlook.com>
Date:   Wed Sep 23 09:59:58 2026 +0530

chore(secrets): capture Gitleaks baseline on vulnerable NodeGoat",2026-09-23T04:31:57Z,isuruudanapinthu@outlook.com,310f4996d31344fbf75bf3e345ec5173e450559f:docs/report-evidence/12-secrets/gitleaks-before.csv:aws-access-token:5,
aws-access-token,310f4996d31344fbf75bf3e345ec5173e450559f,docs/report-evidence/12-secrets/gitleaks-before.csv,,ASIAQGK6FURQSWWGDXHA,ASIAQGK6FURQSWWGDXHA,6,6,111,130,U.Pinto,"Merge pull request #18 from Udanapinto/member3/baseline-gitleaks

chore(secrets): capture Gitleaks baseline on vulnerable NodeGoat

commit 5f5472d0b265fde9f39d35d35e9da335cde957df
Author: Udanapinto <isuruudanapinthu@outlook.com>
Date:   Wed Sep 23 09:59:58 2026 +0530

chore(secrets): capture Gitleaks baseline on vulnerable NodeGoat",2026-09-23T04:31:57Z,isuruudanapinthu@outlook.com,310f4996d31344fbf75bf3e345ec5173e450559f:docs/report-evidence/12-secrets/gitleaks-before.csv:aws-access-token:6,
aws-access-token,310f4996d31344fbf75bf3e345ec5173e450559f,docs/report-evidence/12-secrets/gitleaks-before.csv,,ASIAQGK6FURQSWWGDXHA,ASIAQGK6FURQSWWGDXHA,6,6,132,151,U.Pinto,"Merge pull request #18 from Udanapinto/member3/baseline-gitleaks

chore(secrets): capture Gitleaks baseline on vulnerable NodeGoat

commit 5f5472d0b265fde9f39d35d35e9da335cde957df
Author: Udanapinto <isuruudanapinthu@outlook.com>
Date:   Wed Sep 23 09:59:58 2026 +0530

chore(secrets): capture Gitleaks baseline on vulnerable NodeGoat",2026-09-23T04:31:57Z,isuruudanapinthu@outlook.com,310f4996d31344fbf75bf3e345ec5173e450559f:docs/report-evidence/12-secrets/gitleaks-before.csv:aws-access-token:6,
generic-api-key,310f4996d31344fbf75bf3e345ec5173e450559f,docs/report-evidence/12-secrets/gitleaks-before.json,,v9dn0balpqas1pcc281tn5ood1,"Secret"": ""v9dn0balpqas1pcc281tn5ood1""",9,9,5,41,U.Pinto,"Merge pull request #18 from Udanapinto/member3/baseline-gitleaks

chore(secrets): capture Gitleaks baseline on vulnerable NodeGoat

commit 5f5472d0b265fde9f39d35d35e9da335cde957df
Author: Udanapinto <isuruudanapinthu@outlook.com>
Date:   Wed Sep 23 09:59:58 2026 +0530

chore(secrets): capture Gitleaks baseline on vulnerable NodeGoat",2026-09-23T04:31:57Z,isuruudanapinthu@outlook.com,310f4996d31344fbf75bf3e345ec5173e450559f:docs/report-evidence/12-secrets/gitleaks-before.json:generic-api-key:9,
generic-api-key,310f4996d31344fbf75bf3e345ec5173e450559f,docs/report-evidence/12-secrets/gitleaks-before.json,,v9dn0balpqas1pcc281tn5ood1,"Secret"": ""v9dn0balpqas1pcc281tn5ood1""",29,29,5,41,U.Pinto,"Merge pull request #18 from Udanapinto/member3/baseline-gitleaks

chore(secrets): capture Gitleaks baseline on vulnerable NodeGoat

commit 5f5472d0b265fde9f39d35d35e9da335cde957df
Author: Udanapinto <isuruudanapinthu@outlook.com>
Date:   Wed Sep 23 09:59:58 2026 +0530

chore(secrets): capture Gitleaks baseline on vulnerable NodeGoat",2026-09-23T04:31:57Z,isuruudanapinthu@outlook.com,310f4996d31344fbf75bf3e345ec5173e450559f:docs/report-evidence/12-secrets/gitleaks-before.json:generic-api-key:29,
aws-access-token,310f4996d31344fbf75bf3e345ec5173e450559f,docs/report-evidence/12-secrets/gitleaks-before.json,,ASIAQGK6FURQSWWGDXHA,ASIAQGK6FURQSWWGDXHA,48,48,14,33,U.Pinto,"Merge pull request #18 from Udanapinto/member3/baseline-gitleaks

chore(secrets): capture Gitleaks baseline on vulnerable NodeGoat

commit 5f5472d0b265fde9f39d35d35e9da335cde957df
Author: Udanapinto <isuruudanapinthu@outlook.com>
Date:   Wed Sep 23 09:59:58 2026 +0530

chore(secrets): capture Gitleaks baseline on vulnerable NodeGoat",2026-09-23T04:31:57Z,isuruudanapinthu@outlook.com,310f4996d31344fbf75bf3e345ec5173e450559f:docs/report-evidence/12-secrets/gitleaks-before.json:aws-access-token:48,
aws-access-token,310f4996d31344fbf75bf3e345ec5173e450559f,docs/report-evidence/12-secrets/gitleaks-before.json,,ASIAQGK6FURQSWWGDXHA,ASIAQGK6FURQSWWGDXHA,49,49,15,34,U.Pinto,"Merge pull request #18 from Udanapinto/member3/baseline-gitleaks

chore(secrets): capture Gitleaks baseline on vulnerable NodeGoat

commit 5f5472d0b265fde9f39d35d35e9da335cde957df
Author: Udanapinto <isuruudanapinthu@outlook.com>
Date:   Wed Sep 23 09:59:58 2026 +0530

chore(secrets): capture Gitleaks baseline on vulnerable NodeGoat",2026-09-23T04:31:57Z,isuruudanapinthu@outlook.com,310f4996d31344fbf75bf3e345ec5173e450559f:docs/report-evidence/12-secrets/gitleaks-before.json:aws-access-token:49,
aws-access-token,310f4996d31344fbf75bf3e345ec5173e450559f,docs/report-evidence/12-secrets/gitleaks-before.json,,ASIAQGK6FURQSWWGDXHA,ASIAQGK6FURQSWWGDXHA,68,68,14,33,U.Pinto,"Merge pull request #18 from Udanapinto/member3/baseline-gitleaks

chore(secrets): capture Gitleaks baseline on vulnerable NodeGoat

commit 5f5472d0b265fde9f39d35d35e9da335cde957df
Author: Udanapinto <isuruudanapinthu@outlook.com>
Date:   Wed Sep 23 09:59:58 2026 +0530

chore(secrets): capture Gitleaks baseline on vulnerable NodeGoat",2026-09-23T04:31:57Z,isuruudanapinthu@outlook.com,310f4996d31344fbf75bf3e345ec5173e450559f:docs/report-evidence/12-secrets/gitleaks-before.json:aws-access-token:68,
aws-access-token,310f4996d31344fbf75bf3e345ec5173e450559f,docs/report-evidence/12-secrets/gitleaks-before.json,,ASIAQGK6FURQSWWGDXHA,ASIAQGK6FURQSWWGDXHA,69,69,15,34,U.Pinto,"Merge pull request #18 from Udanapinto/member3/baseline-gitleaks

chore(secrets): capture Gitleaks baseline on vulnerable NodeGoat

commit 5f5472d0b265fde9f39d35d35e9da335cde957df
Author: Udanapinto <isuruudanapinthu@outlook.com>
Date:   Wed Sep 23 09:59:58 2026 +0530

chore(secrets): capture Gitleaks baseline on vulnerable NodeGoat",2026-09-23T04:31:57Z,isuruudanapinthu@outlook.com,310f4996d31344fbf75bf3e345ec5173e450559f:docs/report-evidence/12-secrets/gitleaks-before.json:aws-access-token:69,
aws-access-token,310f4996d31344fbf75bf3e345ec5173e450559f,docs/report-evidence/12-secrets/gitleaks-before.json,,ASIAQGK6FURQSWWGDXHA,ASIAQGK6FURQSWWGDXHA,88,88,14,33,U.Pinto,"Merge pull request #18 from Udanapinto/member3/baseline-gitleaks

chore(secrets): capture Gitleaks baseline on vulnerable NodeGoat

commit 5f5472d0b265fde9f39d35d35e9da335cde957df
Author: Udanapinto <isuruudanapinthu@outlook.com>
Date:   Wed Sep 23 09:59:58 2026 +0530

chore(secrets): capture Gitleaks baseline on vulnerable NodeGoat",2026-09-23T04:31:57Z,isuruudanapinthu@outlook.com,310f4996d31344fbf75bf3e345ec5173e450559f:docs/report-evidence/12-secrets/gitleaks-before.json:aws-access-token:88,
aws-access-token,310f4996d31344fbf75bf3e345ec5173e450559f,docs/report-evidence/12-secrets/gitleaks-before.json,,ASIAQGK6FURQSWWGDXHA,ASIAQGK6FURQSWWGDXHA,89,89,15,34,U.Pinto,"Merge pull request #18 from Udanapinto/member3/baseline-gitleaks

chore(secrets): capture Gitleaks baseline on vulnerable NodeGoat

commit 5f5472d0b265fde9f39d35d35e9da335cde957df
Author: Udanapinto <isuruudanapinthu@outlook.com>
Date:   Wed Sep 23 09:59:58 2026 +0530

chore(secrets): capture Gitleaks baseline on vulnerable NodeGoat",2026-09-23T04:31:57Z,isuruudanapinthu@outlook.com,310f4996d31344fbf75bf3e345ec5173e450559f:docs/report-evidence/12-secrets/gitleaks-before.json:aws-access-token:89,
generic-api-key,310f4996d31344fbf75bf3e345ec5173e450559f,docs/report-evidence/12-secrets/gitleaks-before-summary.md,,v9dn0balpqas1pcc281tn5ood1,"ApiKey: ""v9dn0balpqas1pcc281tn5ood1""",11,11,61,96,U.Pinto,"Merge pull request #18 from Udanapinto/member3/baseline-gitleaks

chore(secrets): capture Gitleaks baseline on vulnerable NodeGoat

commit 5f5472d0b265fde9f39d35d35e9da335cde957df
Author: Udanapinto <isuruudanapinthu@outlook.com>
Date:   Wed Sep 23 09:59:58 2026 +0530

chore(secrets): capture Gitleaks baseline on vulnerable NodeGoat",2026-09-23T04:31:57Z,isuruudanapinthu@outlook.com,310f4996d31344fbf75bf3e345ec5173e450559f:docs/report-evidence/12-secrets/gitleaks-before-summary.md:generic-api-key:11,
generic-api-key,310f4996d31344fbf75bf3e345ec5173e450559f,docs/report-evidence/12-secrets/gitleaks-before-summary.md,,v9dn0balpqas1pcc281tn5ood1,"ApiKey: ""v9dn0balpqas1pcc281tn5ood1""",12,12,54,89,U.Pinto,"Merge pull request #18 from Udanapinto/member3/baseline-gitleaks

chore(secrets): capture Gitleaks baseline on vulnerable NodeGoat

commit 5f5472d0b265fde9f39d35d35e9da335cde957df
Author: Udanapinto <isuruudanapinthu@outlook.com>
Date:   Wed Sep 23 09:59:58 2026 +0530

chore(secrets): capture Gitleaks baseline on vulnerable NodeGoat",2026-09-23T04:31:57Z,isuruudanapinthu@outlook.com,310f4996d31344fbf75bf3e345ec5173e450559f:docs/report-evidence/12-secrets/gitleaks-before-summary.md:generic-api-key:12,
aws-access-token,310f4996d31344fbf75bf3e345ec5173e450559f,docs/report-evidence/12-secrets/gitleaks-before-summary.md,,ASIAQGK6FURQSWWGDXHA,ASIAQGK6FURQSWWGDXHA,13,13,86,105,U.Pinto,"Merge pull request #18 from Udanapinto/member3/baseline-gitleaks

chore(secrets): capture Gitleaks baseline on vulnerable NodeGoat

commit 5f5472d0b265fde9f39d35d35e9da335cde957df
Author: Udanapinto <isuruudanapinthu@outlook.com>
Date:   Wed Sep 23 09:59:58 2026 +0530

chore(secrets): capture Gitleaks baseline on vulnerable NodeGoat",2026-09-23T04:31:57Z,isuruudanapinthu@outlook.com,310f4996d31344fbf75bf3e345ec5173e450559f:docs/report-evidence/12-secrets/gitleaks-before-summary.md:aws-access-token:13,
aws-access-token,310f4996d31344fbf75bf3e345ec5173e450559f,docs/report-evidence/12-secrets/gitleaks-before-summary.md,,ASIAQGK6FURQSWWGDXHA,ASIAQGK6FURQSWWGDXHA,14,14,86,105,U.Pinto,"Merge pull request #18 from Udanapinto/member3/baseline-gitleaks

chore(secrets): capture Gitleaks baseline on vulnerable NodeGoat

commit 5f5472d0b265fde9f39d35d35e9da335cde957df
Author: Udanapinto <isuruudanapinthu@outlook.com>
Date:   Wed Sep 23 09:59:58 2026 +0530

chore(secrets): capture Gitleaks baseline on vulnerable NodeGoat",2026-09-23T04:31:57Z,isuruudanapinthu@outlook.com,310f4996d31344fbf75bf3e345ec5173e450559f:docs/report-evidence/12-secrets/gitleaks-before-summary.md:aws-access-token:14,
aws-access-token,310f4996d31344fbf75bf3e345ec5173e450559f,docs/report-evidence/12-secrets/gitleaks-before-summary.md,,ASIAQGK6FURQSWWGDXHA,ASIAQGK6FURQSWWGDXHA,15,15,86,105,U.Pinto,"Merge pull request #18 from Udanapinto/member3/baseline-gitleaks

chore(secrets): capture Gitleaks baseline on vulnerable NodeGoat

commit 5f5472d0b265fde9f39d35d35e9da335cde957df
Author: Udanapinto <isuruudanapinthu@outlook.com>
Date:   Wed Sep 23 09:59:58 2026 +0530

chore(secrets): capture Gitleaks baseline on vulnerable NodeGoat",2026-09-23T04:31:57Z,isuruudanapinthu@outlook.com,310f4996d31344fbf75bf3e345ec5173e450559f:docs/report-evidence/12-secrets/gitleaks-before-summary.md:aws-access-token:15,
private-key,61d24ba9763e9b04a38bdee996a0b7c75efed2c6,docs/report-evidence/12-trivy/trivy-before.txt,,"-----BEGIN RSA PRIVATE KEY-----
   2 ┌ ****************************************************************
   3 │ ****************************************************************
   4 │ ****************************************************************
   5 │ ****************************************************************
   6 │ ****************************************************************
   7 │ ****************************************************************
   8 │ ****************************************************************
   9 │ ****************************************************************
  10 │ ****************************************************************
  11 │ ****************************************************************
  12 │ ****************************************************************
  13 │ ****************************************************************
  14 └ ************************************************
  15   -----END RSA PRIVATE KEY----","-----BEGIN RSA PRIVATE KEY-----
   2 ┌ ****************************************************************
   3 │ ****************************************************************
   4 │ ****************************************************************
   5 │ ****************************************************************
   6 │ ****************************************************************
   7 │ ****************************************************************
   8 │ ****************************************************************
   9 │ ****************************************************************
  10 │ ****************************************************************
  11 │ ****************************************************************
  12 │ ****************************************************************
  13 │ ****************************************************************
  14 └ ************************************************
  15   -----END RSA PRIVATE KEY----",2329,2343,9,36,U.Pinto,"Merge pull request #19 from Udanapinto/member4/baseline-trivy

chore(trivy): capture container image baseline on vulnerable NodeGoat

commit 64643b24eb37a9357df3d1e210cf717dd9dab19c
Author: Udanapinto <isuruudanapinthu@outlook.com>
Date:   Wed Sep 23 10:22:56 2026 +0530

chore(trivy): capture container image baseline on vulnerable NodeGoat",2026-09-23T04:53:21Z,isuruudanapinthu@outlook.com,61d24ba9763e9b04a38bdee996a0b7c75efed2c6:docs/report-evidence/12-trivy/trivy-before.txt:private-key:2329,
generic-api-key,62f7984b0766356671d73d900ca9251f1c1d356c,app/config/env/development.js,,v9dn0balpqas1pcc281tn5ood1,"ApiKey: ""v9dn0balpqas1pcc281tn5ood1""",6,6,8,43,Udanapinto,chore: import OWASP NodeGoat vulnerable baseline,2026-09-19T05:20:58Z,isuruudanapinthu@outlook.com,62f7984b0766356671d73d900ca9251f1c1d356c:app/config/env/development.js:generic-api-key:6,
generic-api-key,62f7984b0766356671d73d900ca9251f1c1d356c,app/config/env/test.js,,v9dn0balpqas1pcc281tn5ood1,"ApiKey: ""v9dn0balpqas1pcc281tn5ood1""",6,6,8,43,Udanapinto,chore: import OWASP NodeGoat vulnerable baseline,2026-09-19T05:20:58Z,isuruudanapinthu@outlook.com,62f7984b0766356671d73d900ca9251f1c1d356c:app/config/env/test.js:generic-api-key:6,
private-key,61d24ba9763e9b04a38bdee996a0b7c75efed2c6,docs/report-evidence/12-trivy/trivy-before.json,,"-----BEGIN RSA PRIVATE KEY-----"",
                ""IsCause"": false,
                ""Annotation"": """",
                ""Truncated"": false,
                ""Highlighted"": ""-----BEGIN RSA PRIVATE KEY-----"",
                ""FirstCause"": false,
                ""LastCause"": false
              },
              {
                ""Number"": 2,
                ""Content"": ""****************************************************************"",
                ""IsCause"": true,
                ""Annotation"": """",
                ""Truncated"": false,
                ""Highlighted"": ""****************************************************************"",
                ""FirstCause"": true,
                ""LastCause"": false
              },
              {
                ""Number"": 3,
                ""Content"": ""****************************************************************"",
                ""IsCause"": true,
                ""Annotation"": """",
                ""Truncated"": false,
                ""Highlighted"": ""****************************************************************"",
                ""FirstCause"": false,
                ""LastCause"": false
              },
              {
                ""Number"": 4,
                ""Content"": ""****************************************************************"",
                ""IsCause"": true,
                ""Annotation"": """",
                ""Truncated"": false,
                ""Highlighted"": ""****************************************************************"",
                ""FirstCause"": false,
                ""LastCause"": false
              },
              {
                ""Number"": 5,
                ""Content"": ""****************************************************************"",
                ""IsCause"": true,
                ""Annotation"": """",
                ""Truncated"": false,
                ""Highlighted"": ""****************************************************************"",
                ""FirstCause"": false,
                ""LastCause"": false
              },
              {
                ""Number"": 6,
                ""Content"": ""****************************************************************"",
                ""IsCause"": true,
                ""Annotation"": """",
                ""Truncated"": false,
                ""Highlighted"": ""****************************************************************"",
                ""FirstCause"": false,
                ""LastCause"": false
              },
              {
                ""Number"": 7,
                ""Content"": ""****************************************************************"",
                ""IsCause"": true,
                ""Annotation"": """",
                ""Truncated"": false,
                ""Highlighted"": ""****************************************************************"",
                ""FirstCause"": false,
                ""LastCause"": false
              },
              {
                ""Number"": 8,
                ""Content"": ""****************************************************************"",
                ""IsCause"": true,
                ""Annotation"": """",
                ""Truncated"": false,
                ""Highlighted"": ""****************************************************************"",
                ""FirstCause"": false,
                ""LastCause"": false
              },
              {
                ""Number"": 9,
                ""Content"": ""****************************************************************"",
                ""IsCause"": true,
                ""Annotation"": """",
                ""Truncated"": false,
                ""Highlighted"": ""****************************************************************"",
                ""FirstCause"": false,
                ""LastCause"": false
              },
              {
                ""Number"": 10,
                ""Content"": ""****************************************************************"",
                ""IsCause"": true,
                ""Annotation"": """",
                ""Truncated"": false,
                ""Highlighted"": ""****************************************************************"",
                ""FirstCause"": false,
                ""LastCause"": false
              },
              {
                ""Number"": 11,
                ""Content"": ""****************************************************************"",
                ""IsCause"": true,
                ""Annotation"": """",
                ""Truncated"": false,
                ""Highlighted"": ""****************************************************************"",
                ""FirstCause"": false,
                ""LastCause"": false
              },
              {
                ""Number"": 12,
                ""Content"": ""****************************************************************"",
                ""IsCause"": true,
                ""Annotation"": """",
                ""Truncated"": false,
                ""Highlighted"": ""****************************************************************"",
                ""FirstCause"": false,
                ""LastCause"": false
              },
              {
                ""Number"": 13,
                ""Content"": ""****************************************************************"",
                ""IsCause"": true,
                ""Annotation"": """",
                ""Truncated"": false,
                ""Highlighted"": ""****************************************************************"",
                ""FirstCause"": false,
                ""LastCause"": false
              },
              {
                ""Number"": 14,
                ""Content"": ""************************************************"",
                ""IsCause"": true,
                ""Annotation"": """",
                ""Truncated"": false,
                ""Highlighted"": ""************************************************"",
                ""FirstCause"": false,
                ""LastCause"": true
              },
              {
                ""Number"": 15,
                ""Content"": ""-----END RSA PRIVATE KEY-----"",
                ""IsCause"": false,
                ""Annotation"": """",
                ""Truncated"": false,
                ""Highlighted"": ""-----END RSA PRIVATE KEY----","-----BEGIN RSA PRIVATE KEY-----"",
                ""IsCause"": false,
                ""Annotation"": """",
                ""Truncated"": false,
                ""Highlighted"": ""-----BEGIN RSA PRIVATE KEY-----"",
                ""FirstCause"": false,
                ""LastCause"": false
              },
              {
                ""Number"": 2,
                ""Content"": ""****************************************************************"",
                ""IsCause"": true,
                ""Annotation"": """",
                ""Truncated"": false,
                ""Highlighted"": ""****************************************************************"",
                ""FirstCause"": true,
                ""LastCause"": false
              },
              {
                ""Number"": 3,
                ""Content"": ""****************************************************************"",
                ""IsCause"": true,
                ""Annotation"": """",
                ""Truncated"": false,
                ""Highlighted"": ""****************************************************************"",
                ""FirstCause"": false,
                ""LastCause"": false
              },
              {
                ""Number"": 4,
                ""Content"": ""****************************************************************"",
                ""IsCause"": true,
                ""Annotation"": """",
                ""Truncated"": false,
                ""Highlighted"": ""****************************************************************"",
                ""FirstCause"": false,
                ""LastCause"": false
              },
              {
                ""Number"": 5,
                ""Content"": ""****************************************************************"",
                ""IsCause"": true,
                ""Annotation"": """",
                ""Truncated"": false,
                ""Highlighted"": ""****************************************************************"",
                ""FirstCause"": false,
                ""LastCause"": false
              },
              {
                ""Number"": 6,
                ""Content"": ""****************************************************************"",
                ""IsCause"": true,
                ""Annotation"": """",
                ""Truncated"": false,
                ""Highlighted"": ""****************************************************************"",
                ""FirstCause"": false,
                ""LastCause"": false
              },
              {
                ""Number"": 7,
                ""Content"": ""****************************************************************"",
                ""IsCause"": true,
                ""Annotation"": """",
                ""Truncated"": false,
                ""Highlighted"": ""****************************************************************"",
                ""FirstCause"": false,
                ""LastCause"": false
              },
              {
                ""Number"": 8,
                ""Content"": ""****************************************************************"",
                ""IsCause"": true,
                ""Annotation"": """",
                ""Truncated"": false,
                ""Highlighted"": ""****************************************************************"",
                ""FirstCause"": false,
                ""LastCause"": false
              },
              {
                ""Number"": 9,
                ""Content"": ""****************************************************************"",
                ""IsCause"": true,
                ""Annotation"": """",
                ""Truncated"": false,
                ""Highlighted"": ""****************************************************************"",
                ""FirstCause"": false,
                ""LastCause"": false
              },
              {
                ""Number"": 10,
                ""Content"": ""****************************************************************"",
                ""IsCause"": true,
                ""Annotation"": """",
                ""Truncated"": false,
                ""Highlighted"": ""****************************************************************"",
                ""FirstCause"": false,
                ""LastCause"": false
              },
              {
                ""Number"": 11,
                ""Content"": ""****************************************************************"",
                ""IsCause"": true,
                ""Annotation"": """",
                ""Truncated"": false,
                ""Highlighted"": ""****************************************************************"",
                ""FirstCause"": false,
                ""LastCause"": false
              },
              {
                ""Number"": 12,
                ""Content"": ""****************************************************************"",
                ""IsCause"": true,
                ""Annotation"": """",
                ""Truncated"": false,
                ""Highlighted"": ""****************************************************************"",
                ""FirstCause"": false,
                ""LastCause"": false
              },
              {
                ""Number"": 13,
                ""Content"": ""****************************************************************"",
                ""IsCause"": true,
                ""Annotation"": """",
                ""Truncated"": false,
                ""Highlighted"": ""****************************************************************"",
                ""FirstCause"": false,
                ""LastCause"": false
              },
              {
                ""Number"": 14,
                ""Content"": ""************************************************"",
                ""IsCause"": true,
                ""Annotation"": """",
                ""Truncated"": false,
                ""Highlighted"": ""************************************************"",
                ""FirstCause"": false,
                ""LastCause"": true
              },
              {
                ""Number"": 15,
                ""Content"": ""-----END RSA PRIVATE KEY-----"",
                ""IsCause"": false,
                ""Annotation"": """",
                ""Truncated"": false,
                ""Highlighted"": ""-----END RSA PRIVATE KEY----",27073,27217,30,61,U.Pinto,"Merge pull request #19 from Udanapinto/member4/baseline-trivy

chore(trivy): capture container image baseline on vulnerable NodeGoat

commit 64643b24eb37a9357df3d1e210cf717dd9dab19c
Author: Udanapinto <isuruudanapinthu@outlook.com>
Date:   Wed Sep 23 10:22:56 2026 +0530

chore(trivy): capture container image baseline on vulnerable NodeGoat",2026-09-23T04:53:21Z,isuruudanapinthu@outlook.com,61d24ba9763e9b04a38bdee996a0b7c75efed2c6:docs/report-evidence/12-trivy/trivy-before.json:private-key:27073,
aws-access-token,57bbb8563919ed3b50a547fbbd7fb4aa28abcace,docs/report-evidence/10-sca/npm-audit-before.json,,ASIAQGK6FURQSWWGDXHA,ASIAQGK6FURQSWWGDXHA,10546,10546,1168,1187,U.Pinto,"Merge pull request #17 from Udanapinto/member2/baseline-sca

chore(sca): capture npm audit baseline on vulnerable NodeGoat

commit cc90cbc884ff81e70d044c9ea79dd8414a8c76f8
Author: Udanapinto <isuruudanapinthu@outlook.com>
Date:   Wed Sep 23 09:30:31 2026 +0530

chore(sca): capture npm audit baseline on vulnerable NodeGoat",2026-09-23T04:11:24Z,isuruudanapinthu@outlook.com,57bbb8563919ed3b50a547fbbd7fb4aa28abcace:docs/report-evidence/10-sca/npm-audit-before.json:aws-access-token:10546,
aws-access-token,57bbb8563919ed3b50a547fbbd7fb4aa28abcace,docs/report-evidence/10-sca/npm-audit-before.json,,ASIAQGK6FURQSWWGDXHA,ASIAQGK6FURQSWWGDXHA,10546,10546,3345,3364,U.Pinto,"Merge pull request #17 from Udanapinto/member2/baseline-sca

chore(sca): capture npm audit baseline on vulnerable NodeGoat

commit cc90cbc884ff81e70d044c9ea79dd8414a8c76f8
Author: Udanapinto <isuruudanapinthu@outlook.com>
Date:   Wed Sep 23 09:30:31 2026 +0530

chore(sca): capture npm audit baseline on vulnerable NodeGoat",2026-09-23T04:11:24Z,isuruudanapinthu@outlook.com,57bbb8563919ed3b50a547fbbd7fb4aa28abcace:docs/report-evidence/10-sca/npm-audit-before.json:aws-access-token:10546,
aws-access-token,57bbb8563919ed3b50a547fbbd7fb4aa28abcace,docs/report-evidence/10-sca/npm-audit-before.json,,ASIAQGK6FURQSWWGDXHA,ASIAQGK6FURQSWWGDXHA,10546,10546,5309,5328,U.Pinto,"Merge pull request #17 from Udanapinto/member2/baseline-sca

chore(sca): capture npm audit baseline on vulnerable NodeGoat

commit cc90cbc884ff81e70d044c9ea79dd8414a8c76f8
Author: Udanapinto <isuruudanapinthu@outlook.com>
Date:   Wed Sep 23 09:30:31 2026 +0530

chore(sca): capture npm audit baseline on vulnerable NodeGoat",2026-09-23T04:11:24Z,isuruudanapinthu@outlook.com,57bbb8563919ed3b50a547fbbd7fb4aa28abcace:docs/report-evidence/10-sca/npm-audit-before.json:aws-access-token:10546,
